scale,range_low,range_high,level,text
H,1.0,2.4,низкий,Склонность к самопрезентации и инструментальности; важно развитие честности/скромности.
H,2.41,3.59,средний,Баланс между самопродвижением и этическими нормами.
H,3.6,5.0,высокий,"Высокая честность, скромность, низкий уровень манипуляций."
E,1.0,2.4,низкий,Эмоциональная устойчивость; возможна недооценка рисков.
E,2.41,3.59,средний,Умеренная эмоциональность; адекватная реакция на стресс.
E,3.6,5.0,высокий,Выраженная чувствительность; полезны техники саморегуляции.
